Dave,40,Toulouse
Eve,45,Bordeaux
Eve,45,Bordeaux
Eve,45,Bordeaux
Eve,45,Bordeaux
Eve,45,Bordeaux
Eve,45,Bordeaux
Eve,45,Bordeaux
Eve,45,Bordeaux
Eve,45,Bordeaux
Eve,45,Bordeaux
Eve,45,Bordeaux
Eve,45,Bordeaux
Eve,45,Bordeaux
Eve,45,Bordeaux
Eve,45,Bordeaux
Eve,45,Bordeaux
Eve,45,Bordeaux
Eve,45,Bordeaux
Eve,45,Bordeaux
Eve,45,Bordeaux
Eve,45,Bordeaux
Eve,45,Bordeaux
Eve,45,Bordeaux
Eve,45,Bordeaux
Eve,45,Bordeaux
Eve,45,Bordeaux
Eve,45,Bordeaux
Eve,45,Bordeaux
Eve,45,Bordeaux
Eve,45,Bordeaux
Eve,45,Bordeaux
Eve,45,Bordeaux
Eve,45,Bordeaux
Eve,45,Bordeaux
Eve,45,Bordeaux
Eve,45,Bordeaux
Eve,45,Bordeaux
Eve,45,Bordeaux
Eve,45,Bordeaux
Eve,45,Bordeaux
Eve,45,Bordeaux
Eve,45,Bordeaux
Eve,45,Bordeaux
Eve,45,Bordeaux
Eve,45,Bordeaux
Eve,45,Bordeaux
Eve,45,Bordeaux
Eve,45,Bordeaux
Eve,45,Bordeaux
Eve,45,Bordeaux
Eve,45,Bordeaux
Eve,45,Bordeaux
Eve,45,Bordeaux
Eve,45,Bordeaux
Eve,45,Bordeaux
Eve,45,Bordeaux
Eve,45,Bordeaux
Eve,45,Bordeaux
Eve,45,Bordeaux
Eve,45,Bordeaux
Eve,45,Bordeaux
Eve,45,Bordeaux
Eve,45,Bordeaux
Eve,45,Bordeaux
Eve,45,Bordeaux
Eve,45,Bordeaux
Eve,45,Bordeaux
Eve,45,Bordeaux
Eve,45,Bordeaux
Eve,45,Bordeaux
Eve,45,Bordeaux
Eve,45,Bordeaux
Eve,45,Bordeaux
Eve,45,Bordeaux
Eve,45,Bordeaux
Eve,45,Bordeaux
Eve,45,Bordeaux
Eve,45,Bordeaux
Eve,45,Bordeaux
Eve,45,Bordeaux
Eve,45,Bordeaux
Eve,45,Bordeaux
Eve,45,Bordeaux
Eve,45,Bordeaux
Eve,45,Bordeaux
Eve,45,Bordeaux
Eve,45,Bordeaux
Eve,45,Bordeaux
Eve,45,Bordeaux
Eve,45,Bordeaux
Eve,45,Bordeaux
Eve,45,Bordeaux
Eve,45,Bordeaux
Eve,45,Bordeaux
Eve,45,Bordeaux
Eve,45,Bordeaux
Eve,45,Bordeaux
Eve,45,Bordeaux
Eve,45,Bordeaux
Eve,45,Bordeaux
Eve,45,Bordeaux
Eve,45,Bordeaux
Eve,45,Bordeaux
Eve,45,Bordeaux
Eve,45,Bordeaux
Eve,45,Bordeaux
Eve,45,Bordeaux
Eve,45,Bordeaux
Eve,45,Bordeaux
Eve,45,Bordeaux
Eve,45,Bordeaux
Eve,45,Bordeaux
Eve,45,Bordeaux
Eve,45,Bordeaux
Eve,45,Bordeaux
Eve,45,Bordeaux
Eve,45,Bordeaux
Eve,45,Bordeaux
Eve,45,Bordeaux
Eve,45,Bordeaux
Eve,45,Bordeaux
Eve,45,Bordeaux
Eve,45,Bordeaux
Eve,45,Bordeaux
Eve,45,Bordeaux
Eve,45,Bordeaux
Eve,45,Bordeaux
Eve,45,Bordeaux
Eve,45,Bordeaux
Eve,45,Bordeaux
Eve,45,Bordeaux
Eve,45,Bordeaux
Eve,45,Bordeaux
Eve,45,Bordeaux
Eve,45,Bordeaux
Eve,45,Bordeaux
Eve,45,Bordeaux
Eve,45,Bordeaux
Eve,45,Bordeaux
Eve,45,Bordeaux
Eve,45,Bordeaux
Eve,45,Bordeaux
Eve,45,Bordeaux
Eve,45,Bordeaux
Eve,45,Bordeaux
Eve,45,Bordeaux
Eve,45,Bordeaux
Dave,40,Toulouse
Eve,45,Bordeaux
Eve,45,Bordeaux
Eve,45,Bordeaux
Eve,45,Bordeaux
Eve,45,Bordeaux
Eve,45,Bordeaux
Eve,45,Bordeaux
Eve,45,Bordeaux
Eve,45,Bordeaux
Eve,45,Bordeaux
Eve,45,Bordeaux
Eve,45,Bordeaux
Eve,45,Bordeaux
Eve,45,Bordeaux
Eve,45,Bordeaux
Eve,45,Bordeaux
Eve,45,Bordeaux
Eve,45,Bordeaux
Eve,45,Bordeaux
Eve,45,Bordeaux
Eve,45,Bordeaux
Eve,45,Bordeaux
Eve,45,Bordeaux
Eve,45,Bordeaux
Eve,45,Bordeaux
Eve,45,Bordeaux
Eve,45,Bordeaux
Eve,45,Bordeaux
Eve,45,Bordeaux
Eve,45,Bordeaux
Eve,45,Bordeaux
Eve,45,Bordeaux
Eve,45,Bordeaux
Eve,45,Bordeaux
Eve,45,Bordeaux
Eve,45,Bordeaux
Eve,45,Bordeaux
Eve,45,Bordeaux
Eve,45,Bordeaux
Eve,45,Bordeaux
Eve,45,Bordeaux
Eve,45,Bordeaux
Eve,45,Bordeaux
Eve,45,Bordeaux
Eve,45,Bordeaux
Eve,45,Bordeaux
Eve,45,Bordeaux
Eve,45,Bordeaux
Eve,45,Bordeaux
Eve,45,Bordeaux
Eve,45,Bordeaux
Eve,45,Bordeaux
Eve,45,Bordeaux
Eve,45,Bordeaux
Eve,45,Bordeaux
Eve,45,Bordeaux
Eve,45,Bordeaux
Eve,45,Bordeaux
Eve,45,Bordeaux
Eve,45,Bordeaux
Eve,45,Bordeaux
Eve,45,Bordeaux
Eve,45,Bordeaux
Eve,45,Bordeaux
Eve,45,Bordeaux
Eve,45,Bordeaux
Eve,45,Bordeaux
Eve,45,Bordeaux
Eve,45,Bordeaux
Eve,45,Bordeaux
Eve,45,Bordeaux
Eve,45,Bordeaux
Eve,45,Bordeaux
Eve,45,Bordeaux
Eve,45,Bordeaux
Eve,45,Bordeaux
Eve,45,Bordeaux
Eve,45,Bordeaux
Eve,45,Bordeaux
Eve,45,Bordeaux
Eve,45,Bordeaux
Eve,45,Bordeaux
Eve,45,Bordeaux
Eve,45,Bordeaux
Eve,45,Bordeaux
Eve,45,Bordeaux
Eve,45,Bordeaux
Eve,45,Bordeaux
Eve,45,Bordeaux
Eve,45,Bordeaux
Eve,45,Bordeaux
Eve,45,Bordeaux
Eve,45,Bordeaux
Eve,45,Bordeaux
Eve,45,Bordeaux
Eve,45,Bordeaux
Eve,45,Bordeaux
Eve,45,Bordeaux
Eve,45,Bordeaux
Eve,45,Bordeaux
Eve,45,Bordeaux
Eve,45,Bordeaux
Eve,45,Bordeaux
Eve,45,Bordeaux
Eve,45,Bordeaux
Eve,45,Bordeaux
Eve,45,Bordeaux
Eve,45,Bordeaux
Eve,45,Bordeaux
Eve,45,Bordeaux
Eve,45,Bordeaux
Eve,45,Bordeaux
Eve,45,Bordeaux
Eve,45,Bordeaux
Eve,45,Bordeaux
Eve,45,Bordeaux
Eve,45,Bordeaux
Eve,45,Bordeaux
Eve,45,Bordeaux
Eve,45,Bordeaux
Eve,45,Bordeaux
Eve,45,Bordeaux
Eve,45,Bordeaux
Eve,45,Bordeaux
Eve,45,Bordeaux
Eve,45,Bordeaux
Eve,45,Bordeaux
Eve,45,Bordeaux
Eve,45,Bordeaux
Eve,45,Bordeaux
Eve,45,Bordeaux
Eve,45,Bordeaux
Eve,45,Bordeaux
Eve,45,Bordeaux
Eve,45,Bordeaux
Eve,45,Bordeaux
Eve,45,Bordeaux
Eve,45,Bordeaux
Eve,45,Bordeaux
Eve,45,Bordeaux
Eve,45,Bordeaux
Eve,45,Bordeaux
Eve,45,Bordeaux
Eve,45,Bordeaux
Eve,45,Bordeaux
Eve,45,Bordeaux
Eve,45,Bordeaux
Dave,40,Toulouse
Eve,45,Bordeaux
Eve,45,Bordeaux
Eve,45,Bordeaux
Eve,45,Bordeaux
Eve,45,Bordeaux
Eve,45,Bordeaux
Eve,45,Bordeaux
Eve,45,Bordeaux
Eve,45,Bordeaux
Eve,45,Bordeaux
Eve,45,Bordeaux
Eve,45,Bordeaux
Eve,45,Bordeaux
Eve,45,Bordeaux
Eve,45,Bordeaux
Eve,45,Bordeaux
Eve,45,Bordeaux
Eve,45,Bordeaux
Eve,45,Bordeaux
Eve,45,Bordeaux
Eve,45,Bordeaux
Eve,45,Bordeaux
Eve,45,Bordeaux
Eve,45,Bordeaux
Eve,45,Bordeaux
Eve,45,Bordeaux
Eve,45,Bordeaux
Eve,45,Bordeaux
Eve,45,Bordeaux
Eve,45,Bordeaux
Eve,45,Bordeaux
Eve,45,Bordeaux
Eve,45,Bordeaux
Eve,45,Bordeaux
Eve,45,Bordeaux
Eve,45,Bordeaux
Eve,45,Bordeaux
Eve,45,Bordeaux
Eve,45,Bordeaux
Eve,45,Bordeaux
Eve,45,Bordeaux
Eve,45,Bordeaux
Eve,45,Bordeaux
Eve,45,Bordeaux
Eve,45,Bordeaux
Eve,45,Bordeaux
Eve,45,Bordeaux
Eve,45,Bordeaux
Eve,45,Bordeaux
Eve,45,Bordeaux
Eve,45,Bordeaux
Eve,45,Bordeaux
Eve,45,Bordeaux
Eve,45,Bordeaux
Eve,45,Bordeaux
Eve,45,Bordeaux
Eve,45,Bordeaux
Eve,45,Bordeaux
Eve,45,Bordeaux
Eve,45,Bordeaux
Eve,45,Bordeaux
Eve,45,Bordeaux
Eve,45,Bordeaux
Eve,45,Bordeaux
Eve,45,Bordeaux
Eve,45,Bordeaux
Eve,45,Bordeaux
Eve,45,Bordeaux
Eve,45,Bordeaux
Eve,45,Bordeaux
Eve,45,Bordeaux
Eve,45,Bordeaux
Eve,45,Bordeaux
Eve,45,Bordeaux
Eve,45,Bordeaux
Eve,45,Bordeaux
Eve,45,Bordeaux
Eve,45,Bordeaux
Eve,45,Bordeaux
Eve,45,Bordeaux
Eve,45,Bordeaux
Eve,45,Bordeaux
Eve,45,Bordeaux
Eve,45,Bordeaux
Eve,45,Bordeaux
Eve,45,Bordeaux
Eve,45,Bordeaux
Eve,45,Bordeaux
Eve,45,Bordeaux
Eve,45,Bordeaux
Eve,45,Bordeaux
Eve,45,Bordeaux
Eve,45,Bordeaux
Eve,45,Bordeaux
Eve,45,Bordeaux
Eve,45,Bordeaux
Eve,45,Bordeaux
Eve,45,Bordeaux
Eve,45,Bordeaux
Eve,45,Bordeaux
Eve,45,Bordeaux
Eve,45,Bordeaux
Eve,45,Bordeaux
Eve,45,Bordeaux
Eve,45,Bordeaux
Eve,45,Bordeaux
Eve,45,Bordeaux
Eve,45,Bordeaux
Eve,45,Bordeaux
Eve,45,Bordeaux
Eve,45,Bordeaux
Eve,45,Bordeaux
Eve,45,Bordeaux
Eve,45,Bordeaux
Eve,45,Bordeaux
Eve,45,Bordeaux
Eve,45,Bordeaux
Eve,45,Bordeaux
Eve,45,Bordeaux
Eve,45,Bordeaux
Eve,45,Bordeaux
Eve,45,Bordeaux
Eve,45,Bordeaux
Eve,45,Bordeaux
Eve,45,Bordeaux
Eve,45,Bordeaux
Eve,45,Bordeaux
Eve,45,Bordeaux
Eve,45,Bordeaux
Eve,45,Bordeaux
Eve,45,Bordeaux
Eve,45,Bordeaux
Eve,45,Bordeaux
Eve,45,Bordeaux
Eve,45,Bordeaux
Eve,45,Bordeaux
Eve,45,Bordeaux
Eve,45,Bordeaux
Eve,45,Bordeaux
Eve,45,Bordeaux
Eve,45,Bordeaux
Eve,45,Bordeaux
Eve,45,Bordeaux
Eve,45,Bordeaux
Eve,45,Bordeaux
Eve,45,Bordeaux
Eve,45,Bordeaux
Dave,40,Toulouse
Eve,45,Bordeaux
Eve,45,Bordeaux
Eve,45,Bordeaux
Eve,45,Bordeaux
Eve,45,Bordeaux
Eve,45,Bordeaux
Eve,45,Bordeaux
Eve,45,Bordeaux
Eve,45,Bordeaux
Eve,45,Bordeaux
Eve,45,Bordeaux
Eve,45,Bordeaux
Eve,45,Bordeaux
Eve,45,Bordeaux
Eve,45,Bordeaux
Eve,45,Bordeaux
Eve,45,Bordeaux
Eve,45,Bordeaux
Eve,45,Bordeaux
Eve,45,Bordeaux
Eve,45,Bordeaux
Eve,45,Bordeaux
Eve,45,Bordeaux
Eve,45,Bordeaux
Eve,45,Bordeaux
Eve,45,Bordeaux
Eve,45,Bordeaux
Eve,45,Bordeaux
Eve,45,Bordeaux
Eve,45,Bordeaux
Eve,45,Bordeaux
Eve,45,Bordeaux
Eve,45,Bordeaux
Eve,45,Bordeaux
Eve,45,Bordeaux
Eve,45,Bordeaux
Eve,45,Bordeaux
Eve,45,Bordeaux
Eve,45,Bordeaux
Eve,45,Bordeaux
Eve,45,Bordeaux
Eve,45,Bordeaux
Eve,45,Bordeaux
Eve,45,Bordeaux
Eve,45,Bordeaux
Eve,45,Bordeaux
Eve,45,Bordeaux
Eve,45,Bordeaux
Eve,45,Bordeaux
Eve,45,Bordeaux
Eve,45,Bordeaux
Eve,45,Bordeaux
Eve,45,Bordeaux
Eve,45,Bordeaux
Eve,45,Bordeaux
